epoch,train_loss,i2t_R@1,i2t_R@5,i2t_R@10,t2i_R@1,t2i_R@5,t2i_R@10,i2t_score,t2i_score,mean_score
1,0.36583177607280376,0.808,0.956,0.981,0.657,0.8964,0.9452,0.915,0.8328666666666665,0.8739333333333332
2,0.22641406584376345,0.799,0.962,0.982,0.6518,0.8944,0.9452,0.9143333333333334,0.8304666666666667,0.8724000000000001
3,0.17976565334124686,0.792,0.958,0.985,0.6478,0.8882,0.943,0.9116666666666666,0.8263333333333334,0.869
4,0.15126131791561936,0.8,0.952,0.981,0.631,0.8826,0.9404,0.911,0.8180000000000001,0.8645
5,0.13090467572021788,0.788,0.955,0.98,0.635,0.8786,0.936,0.9076666666666666,0.8165333333333334,0.8621000000000001
6,0.117177957407059,0.792,0.952,0.98,0.6334,0.8762,0.9336,0.908,0.8144,0.8612
7,0.11083502336717642,0.779,0.948,0.975,0.6222,0.8762,0.9354,0.9006666666666666,0.8112666666666666,0.8559666666666665
8,0.10045063243911098,0.781,0.947,0.974,0.6182,0.871,0.934,0.9006666666666666,0.8077333333333333,0.8542
9,0.10141942938105367,0.784,0.947,0.978,0.6198,0.8748,0.934,0.9029999999999999,0.8095333333333334,0.8562666666666667
10,0.09356506922231696,0.766,0.95,0.974,0.617,0.8686,0.9316,0.8966666666666666,0.8057333333333334,0.8512
